c;pto_final;g0;g0err;tr0;tr0err;a;aerr;b;berr;R2;R2lin
35;33;30.965661784047647;0.38973251918515184;38.611607641964575;7.924314973211267;2.805706209610887;0.6111033136357436;0.3496841327570148;0.06614299023176144;0.941;0.935
60;35;51.50760807745081;0.2648702064389796;109.23477065504196;67.6087131085736;1.6002028328550209;0.7993497270263709;0.23204045754751634;0.386843833243165;0.979;0.977
72;21;39.95960302193639;0.1183573345843423;4.7552456491916475;0.1784048532521435;0.24556755066917368;0.1010956552607376;0.6191212659034966;0.22302328760979362;0.998;0.998
100;26;52.3174576244851;0.09343060588341383;0.21920004069584031;0.004124805932130328;0.02914553613921167;0.024026870000086804;0.6435419950592798;0.21430661858134817;1.000;1.000
189;25;49.712223580350354;0.24801157291201778;1.0480913481434908;0.03377036752473668;0.0483812243833881;0.056749371743730424;0.8502343545481172;0.3984484428349565;0.997;0.996
260;22;51.60563363361878;0.30824891665337506;2.7867540974177896;0.08874011722528238;0.09954521630292934;0.0875203189398088;0.986692130373471;0.37506846440228203;0.994;0.993
365;24;49.8125045227321;0.14107320978927876;0.9566280660742741;0.020713124027005987;0.08577971062109757;0.0395819929181947;0.7550254138552281;0.16097145126394338;0.999;0.999
