c;pto_final;g01;g01err;tr1;tr1err;g02;g02err;tr2;tr2err;R2;R2lin
35;33;26.79706450478789;0.30448140418553993;29.28440334937394;0.7961765171136673;7.277261704517381;0.366067791731834;0.7609486739355904;0.08241836760840501;0.988;0.987
60;35;31.86599509475878;1.6791339266487764;128.08467083774994;5.3290422878224595;20.64470841414111;1.6628022134575682;37.796007092020545;2.062263973160696;0.998;0.998
72;21;35.87223713100308;0.9286356423706126;4.989559554279455;0.09379962724822802;4.596641043754343;0.9091882322560129;1.4282164464752065;0.21599112118837338;0.999;0.999
100;26;3.5856719643560284;0.4658508971044056;0.054521428129137295;0.007842957910085522;49.70569125292999;0.514143834218672;0.22088854950690195;0.0017444554501330665;1.000;1.000
189;25;48.280920376619065;0.29709305886949094;1.0598050713798055;0.01183339399718151;3.7331284382762195;0.3985047847182869;0.05958498079429897;0.01263079304482184;0.999;0.999
260;22;49.691875705359394;1.0512013225790207;2.843148067804439;0.07992386999544428;2.9184683420807316;1.0070050125744086;0.35139392786049295;0.19501489490095267;0.994;0.993
365;24;46.96489353428033;0.31413360958113207;0.9707695785126913;0.007225385943933273;4.181267748630065;0.2919033115836824;0.1536355392342268;0.015579485928190478;1.000;1.000
