c;pto_final;g0;g0err;tr1;tr1err;tr2;tr2err;R2;R2lin
35;33;30.810323524927227;0.43150526289625324;23.77585869596853;1.2319563780800695;0.004631771746146374;0.001493007805704208;0.925;0.920
60;35;51.49997936374508;0.2792471099772149;79.32887751915445;1.5514049532477145;0.00959302189752731;0.0076798166444177595;0.977;0.975
72;21;39.938148657445694;0.13402406619866447;4.487822800910147;0.046051625099380815;0.0017719457417546547;0.0006042847652991573;0.997;0.997
100;26;52.19647258228511;0.11310495470654403;0.21164169530354604;0.001088460099771886;0.0004467928694671386;8.483204685039898e-05;1.000;1.000
189;25;49.665844195615854;0.25217225423560025;1.0202060214818216;0.014439748963313941;0.0007234704838225969;0.0003093097607018497;0.997;0.996
260;22;51.54979363164563;0.31353549887190824;2.723250439045532;0.04798428312980522;0.002018410816301941;0.0008217293309667286;0.994;0.993
365;24;49.716289932225635;0.16693733667299646;0.9114118515219187;0.008165622476215087;0.0013558971417739762;0.00025131751332525034;0.999;0.999
