c;Maxwell;OldroydB;Jeffreys;Dois Modos
35;30.818473720270863;30.804295584749948;30.81032352492723;26.797064504787887
60;51.507251862189605;51.493755869474995;51.49997936374508;31.865995094758784
72;39.95492850746482;39.92237741910967;39.938148657445694;35.87223713100308
100;52.310798060393886;52.086281201675035;52.19647258228511;3.5856719643560284
189;49.702888216950846;49.6306174016792;49.66584419561586;48.280920376619065
260;51.58939571810469;51.51158652991924;51.549793631645635;49.691875705359394
365;49.79532803178471;49.64233194377078;49.716289932225635;46.96489353428033
