c;Maxwell;OldroydB;Jeffreys;Dois Modos;Garcia-Saraji
35;0.914;0.925;0.925;0.988;0.941
60;0.976;0.977;0.977;0.998;0.9790000000000001
72;0.997;0.997;0.997;0.9990000000000001;0.998
100;0.9990000000000001;1.0;1.0;1.0;1.0
189;0.996;0.997;0.997;0.9990000000000001;0.997
260;0.993;0.9940000000000001;0.9940000000000001;0.9940000000000001;0.9940000000000001
365;0.998;0.9990000000000001;0.9990000000000001;1.0;0.9990000000000001
