c;Maxwell;OldroydB;Jeffreys;Dois Modos
35;23.690074469010337;23.776131276008247;23.775858695968534;29.284403349373942
60;79.18403111319657;79.3287930219553;79.32887751915446;128.08467083774994
72;4.470500975035903;4.487825148732752;4.487822800910147;4.989559554279455
100;0.20937018328915147;0.2116417021433814;0.21164169530354604;0.054521428129137295
189;1.0144645117606212;1.0202070355552708;1.0202060214818216;1.0598050713798055
260;2.7061230721609437;2.7232502577398368;2.7232504390455317;2.843148067804439
365;0.9016062601974336;0.9114113248243424;0.9114118515219188;0.9707695785126912
